<?xml version="1.0" encoding="UTF-8"?>
<project-private xmlns="http://www.netbeans.org/ns/project-private/1">
    <editor-bookmarks xmlns="http://www.netbeans.org/ns/editor-bookmarks/2" lastBookmarkId="0"/>
    <open-files xmlns="http://www.netbeans.org/ns/projectui-open-files/2">
        <group>
            <file>file:/C:/Users/57310/Downloads/mas%20actualizado/SOFWELL/src/SOFTWELL/Cliente.java</file>
            <file>file:/C:/Users/57310/Downloads/mas%20actualizado/SOFWELL/src/SOFTWELL/GestorArchivos.java</file>
            <file>file:/C:/Users/57310/Downloads/mas%20actualizado/SOFWELL/src/Main.java</file>
            <file>file:/C:/Users/57310/Downloads/mas%20actualizado/SOFWELL/src/SOFTWELL/Producto.java</file>
            <file>file:/C:/Users/57310/Downloads/mas%20actualizado/SOFWELL/src/SOFTWELL/BaseDeDatos.java</file>
            <file>file:/C:/Users/57310/Downloads/mas%20actualizado/SOFWELL/src/SOFTWELL/Administrador.java</file>
        </group>
    </open-files>
</project-private>
